u,mean_x,mean_y,lower_x,lower_y,upper_x,upper_y
0.0,-0.6600107551718696,0.32469348692438693,-1.0731655752392024,0.07194319845259001,-0.2468559351045368,0.5774437753961839
0.00392156862745098,-0.6471154514610526,0.3054339162224821,-1.0572848817750162,0.05211679530207797,-0.23694602114708907,0.5587510371428863
0.00784313725490196,-0.6347508497248932,0.2864414890637376,-1.0426168947670797,0.03210764921705728,-0.22688480468270655,0.540775328910418
0.011764705882352941,-0.6227126167715837,0.2683608659349978,-1.0292922525777688,0.01196525784922775,-0.21613298096539862,0.5247564740207679
0.01568627450980392,-0.6116448288469367,0.25096498772390385,-1.0185460836890634,-0.007244450602387986,-0.20474357400481014,0.5091744260501957
0.0196078431372549,-0.6028578215895093,0.23638171895108243,-1.010270954879162,-0.024228320857519386,-0.19544468829985667,0.49699175875968427
0.023529411764705882,-0.5963638791874679,0.2237346063693413,-1.0048939605346159,-0.03910160882864713,-0.18783379784031995,0.4865708215673298
0.027450980392156862,-0.5909032363679259,0.21189840146366826,-1.000308651789589,-0.052551746360692736,-0.18149782094626266,0.4763485492880293
0.03137254901960784,-0.5861046260325488,0.20057232657832383,-0.9968396498199295,-0.06513720582044827,-0.17536960224516812,0.46628185897709595
0.03529411764705882,-0.5798403473274606,0.18974449834074877,-0.9913320584344473,-0.0768115964145307,-0.1683486362204739,0.4563005930960282
0.0392156862745098,-0.5736005974397879,0.17886467173392212,-0.9857718104143931,-0.08819937795689331,-0.16142938446518262,0.44592872142473755
0.043137254901960784,-0.5687447473129713,0.1694180305007324,-0.982272588719782,-0.0978836173279568,-0.15521690590616066,0.4367196783294216
0.047058823529411764,-0.5643721374010847,0.15952030428191463,-0.9797412477480927,-0.10744664035865523,-0.14900302705407675,0.42648724892248446
0.050980392156862744,-0.5591833076376828,0.14936451681614052,-0.9767086807233122,-0.11689811563897287,-0.14165793455205333,0.4156271492712539
0.054901960784313725,-0.554573903153992,0.1407521729692638,-0.9741487355811884,-0.12389059545757863,-0.13499907072679562,0.4053949413961062
0.058823529411764705,-0.5502794282852274,0.1326425597832465,-0.9726746117212317,-0.13088893399761356,-0.12788424484922295,0.3961740535641065
0.06274509803921569,-0.5466930371599923,0.12537186604838582,-0.9723425656114537,-0.13735860046921108,-0.12104350870853087,0.3881023325659827
0.06666666666666667,-0.5439363497648235,0.11893662437317401,-0.97250351844617,-0.14277887798038377,-0.11536918108347705,0.38065212672673177
0.07058823529411765,-0.5405614551862754,0.11034168430690161,-0.9709024665204786,-0.14949691206367777,-0.11022044385207214,0.370180280677481
0.07450980392156863,-0.5365906210349223,0.10054290033369322,-0.9684963438333678,-0.15696233168030777,-0.10468489823647681,0.3580481323476942
0.0784313725490196,-0.5308832596758588,0.09109744127182214,-0.9638971214238039,-0.16392489350431172,-0.09786939792791377,0.34611977604795596
0.08235294117647059,-0.5247306233205995,0.08025006369133071,-0.9579800683004562,-0.17191364663202718,-0.09148117834074282,0.3324137740146886
0.08627450980392157,-0.517504994942277,0.06705786159842024,-0.9508012083869812,-0.18236307965113657,-0.08420878149757277,0.316478802847977
0.09019607843137255,-0.511511447090654,0.053590384876220046,-0.9452298336693448,-0.19336571855752538,-0.07779306051196316,0.30054648830996544
0.09411764705882353,-0.5063811669673413,0.04094674173318439,-0.940770166922066,-0.204216623034931,-0.07199216701261651,0.28611010650129975
0.09803921568627451,-0.5047587481289988,0.03056317017342574,-0.9404439983790764,-0.2143903220343183,-0.0690734978789212,0.2755166623811698
0.10196078431372549,-0.5035667473180794,0.0198862862984186,-0.9409148523576997,-0.22537083734448246,-0.06621864227845908,0.2651434099413197
0.10588235294117647,-0.5025449712311113,0.008673033557947537,-0.9419162022907509,-0.23781483899601966,-0.0631737401714717,0.2551609061119147
0.10980392156862745,-0.5008241411858646,-0.0009893183784881604,-0.941843433082536,-0.24945689314305702,-0.05980484928919311,0.24747825638608073
0.11372549019607843,-0.4986378348438688,-0.011283597488492902,-0.9414301039787591,-0.2613287800407617,-0.05584556570897853,0.23876158506377593
0.11764705882352941,-0.49675320886238594,-0.018545761593339878,-0.9411596730552652,-0.2681225596576011,-0.05234674466950673,0.23103103647092135
0.12156862745098039,-0.49395442162421116,-0.027379523559998065,-0.9398327049984825,-0.27673064393920654,-0.04807613824993984,0.2219715968192104
0.12549019607843137,-0.49124920174176795,-0.036553732755074564,-0.938405337757369,-0.28604866192433853,-0.04409306572616689,0.2129411964141894
0.12941176470588234,-0.49155271416115204,-0.042519748095049846,-0.9388469387324778,-0.29277547520115565,-0.044258489589826255,0.20773597901105598
0.13333333333333333,-0.49162962373754,-0.0477004389461546,-0.9391178838224622,-0.29897573427707014,-0.04414136365261778,0.20357485638476092
0.13725490196078433,-0.49096292733112806,-0.05111650407150803,-0.938760501351269,-0.30347234152318453,-0.0431653533109872,0.20123933338016847
0.1411764705882353,-0.4895389050941223,-0.05420182171956995,-0.9378336746778506,-0.3074701196325712,-0.041244135510393964,0.19906647619343132
0.14509803921568626,-0.4862354762940177,-0.05749836053504277,-0.9350648727038469,-0.31152409189509983,-0.03740607988418848,0.1965273708250143
0.14901960784313725,-0.4820066955509124,-0.06078277942310014,-0.9307290064972902,-0.3158240599670653,-0.03328438460453459,0.19425850112086504
0.15294117647058825,-0.4770877234442829,-0.0661974209985828,-0.9257294910724876,-0.3227730387270574,-0.028445955816078283,0.19037819672989184
0.1568627450980392,-0.47119687390201426,-0.07307477457828722,-0.9198784510669242,-0.33239274435422633,-0.022515296737104284,0.18624319519765192
0.16078431372549018,-0.46546387688104046,-0.07973718791718366,-0.9136907793575486,-0.3426610718520266,-0.017236974404532368,0.1831866960176593
0.16470588235294117,-0.4591490376834773,-0.08502244046339881,-0.9072001885007879,-0.35155827051203514,-0.011097886866166806,0.18151338958523755
0.16862745098039217,-0.4517247463504973,-0.08975278074993835,-0.8999908575399452,-0.35972905612439315,-0.0034586351610493837,0.18022349462451642
0.17254901960784313,-0.44320167915555125,-0.09445915010173565,-0.8916137632825765,-0.3673640530016558,0.005210404971473959,0.17844575279818448
0.1764705882352941,-0.43344258000901464,-0.099731490202095,-0.8816791628754755,-0.3745070562469303,0.014794002857446253,0.17504407584274034
0.1803921568627451,-0.42284656087763617,-0.10458400526990698,-0.8715683682378189,-0.3810049232330466,0.025875246482546577,0.17183691269323265
0.1843137254901961,-0.41230012297997637,-0.10823721084849047,-0.8619913809806614,-0.38633413444989406,0.03739113502070868,0.16985971275291312
0.18823529411764706,-0.40167534543780725,-0.1106492274690493,-0.8519751242515613,-0.38933434141609585,0.048624433375946796,0.16803588647799722
0.19215686274509802,-0.39176233332038546,-0.11029764751708729,-0.8409733130073833,-0.3861288735870734,0.0574486463666124,0.16553357855289877
0.19607843137254902,-0.38182594675347536,-0.11053119836433371,-0.8303536407096748,-0.3834164607176608,0.06670174720272404,0.16235406398899332
0.2,-0.3715062263672377,-0.11119867530420846,-0.8198876701021214,-0.38125822086689637,0.07687521736764608,0.15886087025847945
0.20392156862745098,-0.3617805651640501,-0.11001863878208365,-0.8089730820734056,-0.3753928113689653,0.08541195174530541,0.15535553380479802
0.20784313725490194,-0.3536996641147924,-0.10738908799472988,-0.7997509970276538,-0.36710426026817544,0.092351668798069,0.15232608427871566
0.21176470588235294,-0.3451635237438933,-0.1045779323374414,-0.791198146042502,-0.3587822428411591,0.10087109855471543,0.14962637816627633
0.21568627450980393,-0.33615435204565464,-0.10440600885035743,-0.7828004220667644,-0.35388950133917324,0.11049171797545504,0.14507748363845835
0.2196078431372549,-0.3268852516524364,-0.1062890050192774,-0.7740390851414498,-0.35231814355241087,0.12026858183657696,0.13974013351385606
0.22352941176470587,-0.3191667454390914,-0.11044659648039376,-0.7658303509760357,-0.3540938060504944,0.12749686009785288,0.13320061308970688
0.22745098039215686,-0.31292008559520873,-0.1169499811477926,-0.7584372123091659,-0.36005454182617147,0.13259704111874848,0.12615457953058629
0.23137254901960785,-0.30804980193861187,-0.12492783311919055,-0.7524815406311365,-0.36890874628089054,0.1363819367539127,0.11905308004250943
0.23529411764705882,-0.3080609825989133,-0.13003525731965004,-0.7496679262808167,-0.3746112073087362,0.1335459610829901,0.11454069266943609
0.2392156862745098,-0.30922300890419685,-0.13462617955497708,-0.7474794159942046,-0.3796798196815149,0.12903339818581094,0.11042746057156075
0.24313725490196078,-0.3108759104040723,-0.14122104795062693,-0.744834750232225,-0.3871904124493837,0.12308292942408033,0.10474831654812986
0.24705882352941178,-0.3133500054805948,-0.14852511316126402,-0.7426437659155934,-0.3964203600420147,0.1159437549544039,0.09937013371948666
0.25098039215686274,-0.31748846921172275,-0.15524172867918073,-0.7416928956985216,-0.405500296611381,0.10671595727507605,0.09501683925301951
0.2549019607843137,-0.3256945524975814,-0.16108559864669553,-0.743607442414516,-0.41396566387240885,0.0922183374193532,0.0917944665790178
0.2588235294117647,-0.33230024671257447,-0.16615058955928058,-0.7453507321855704,-0.42210335440517943,0.08075023876042137,0.08980217528661827
0.2627450980392157,-0.3381824697879387,-0.17024728212789603,-0.7469592690213879,-0.4295487791745194,0.07059432944551047,0.08905421491872734
0.26666666666666666,-0.33943403484400086,-0.17547624643325518,-0.7457074516030064,-0.4384856748764784,0.06683938191500471,0.08753318200996799
0.27058823529411763,-0.34093173712042535,-0.17791776286378344,-0.7458080585131559,-0.4434409348686913,0.06394458427230515,0.08760540914112444
0.27450980392156865,-0.3434535472624571,-0.17750982291413792,-0.7465617611108777,-0.4448507233199727,0.05965466658596347,0.08983107749169689
0.2784313725490196,-0.3467987057055616,-0.17876650001797614,-0.7487905008029018,-0.4486369419146887,0.05519308939177858,0.09110394187873647
0.2823529411764706,-0.34818067885909043,-0.18242355388023415,-0.748659669371996,-0.45607469172980075,0.052298311653815155,0.09122758396933248
0.28627450980392155,-0.3497958134945754,-0.1844852345473742,-0.7480780207922757,-0.46244227912697583,0.04848639380312497,0.09347181003222743
0.2901960784313725,-0.35119402118210097,-0.18731262037913224,-0.7483795236090964,-0.46899051666710034,0.045991481244894494,0.0943652759088359
0.29411764705882354,-0.35235648790917207,-0.1904267100402198,-0.7489414719490579,-0.4763319231748563,0.044228496130713724,0.09547850309441672
0.2980392156862745,-0.35233049704702646,-0.19430092101116309,-0.7493762995852757,-0.4851598167084732,0.04471530549122282,0.09655797468614702
0.30196078431372547,-0.35399069870039035,-0.1976676064718653,-0.7511186182626016,-0.4928745768025866,0.043137220861820924,0.097539363858856
0.3058823529411765,-0.35607286105811903,-0.19906270849220514,-0.7538194281688276,-0.4980986566770125,0.041673706052589576,0.09997323969260219
0.30980392156862746,-0.3578382624005757,-0.1978280807837341,-0.7556336720492125,-0.4993579758473706,0.03995714724806104,0.10370181427990244
0.3137254901960784,-0.35792064130742,-0.19846882157072282,-0.756533832493817,-0.5033675229549113,0.04069254987897697,0.10642987981346569
0.3176470588235294,-0.35376173647375564,-0.20314542971205057,-0.7559400691562184,-0.512557908531109,0.04841659620870703,0.1062670491070079
0.32156862745098036,-0.3465047532024045,-0.2105336711095601,-0.7537974427524898,-0.5273514394800758,0.060787936347680815,0.10628409726095564
0.3254901960784314,-0.33821110500121676,-0.2176436240250276,-0.751770384221226,-0.5422493719391767,0.07534817421879242,0.10696212388912149
0.32941176470588235,-0.33117542510864145,-0.21897072136939424,-0.7509111453714743,-0.5479691271197403,0.08856029515419134,0.11002768438095181
0.3333333333333333,-0.3243858681688292,-0.21942774275428747,-0.7508192150502366,-0.5508565464955426,0.1020474787125783,0.11200106098696769
0.33725490196078434,-0.3188628648306056,-0.21388338077088723,-0.753093094030596,-0.5441837251235341,0.11536736436938477,0.1164169635817596
0.3411764705882353,-0.31476795058713664,-0.20788271778082176,-0.7560522171383395,-0.5378303696016067,0.12651631596406626,0.12206493403996319
0.34509803921568627,-0.31251047545711874,-0.20012153801908422,-0.7607044761663206,-0.5289851151474938,0.13568352525208321,0.12874203910932536
0.34901960784313724,-0.31182243078222843,-0.19204155463463582,-0.7657054102151366,-0.5198177359951872,0.14206054865067974,0.13573462672591555
0.3529411764705882,-0.3159923049216902,-0.18105692272374982,-0.7715558481926179,-0.5052834418316278,0.1395712383492374,0.14316959638412816
0.3568627450980392,-0.3221392268674226,-0.16841611198067227,-0.7779850783512242,-0.48885611683472463,0.13370662461637906,0.15202389287338006
0.3607843137254902,-0.3302531406697091,-0.15391996870782673,-0.785181769987513,-0.47176456652379495,0.12467548864809475,0.1639246291081415
0.36470588235294116,-0.3385452495143882,-0.1401022211994404,-0.7926081930519449,-0.45558780128257703,0.11551769402316847,0.1753833588836962
0.3686274509803922,-0.3454036342156416,-0.12856928725718314,-0.7991395233119039,-0.4411212762173175,0.10833225488062076,0.18398270170295122
0.37254901960784315,-0.35485305539847717,-0.11568427341458362,-0.8065014889911426,-0.4234402664377821,0.09679537819418826,0.19207171960861483
0.3764705882352941,-0.3620700797075072,-0.10452012873173785,-0.810347280735755,-0.40679152996485424,0.08620712132074054,0.19775127250137856
0.3803921568627451,-0.36859397228498897,-0.09369962374512987,-0.8132022227643775,-0.38973476665259427,0.07601427819439954,0.20233551916233455
0.38431372549019605,-0.3705498436173636,-0.08818751581436368,-0.814057934224468,-0.38400234033797953,0.07295824698974085,0.20762730870925217
0.38823529411764707,-0.3691664899871826,-0.08493176745251745,-0.8120766403886615,-0.38307210355195315,0.07374366041429625,0.21320856864691823
0.39215686274509803,-0.36519117524613603,-0.08550993778384042,-0.8076229362061973,-0.38876581821773953,0.07724058571392517,0.2177459426500587
0.396078431372549,-0.3612923778342498,-0.08736402173384814,-0.8033412025451538,-0.39533674488855264,0.08075644687665423,0.2206087014208564
0.4,-0.35756111353416414,-0.09112318196329768,-0.7993474129949536,-0.40315419936189695,0.08422518592662537,0.22090783543530162
0.403921568627451,-0.35774972362372653,-0.0859926158536861,-0.7965441964783321,-0.3929839621072525,0.08104474923087901,0.22099873039988027
0.40784313725490196,-0.3574035855040785,-0.08418005820108687,-0.7933734305393032,-0.38632741234449686,0.07856625953114621,0.2179672959423231
0.4117647058823529,-0.3568764984781426,-0.0839700047342841,-0.7903633628409072,-0.38226772543136306,0.07661036588462194,0.21432771596279482
0.4156862745098039,-0.3588561692448565,-0.08022914483814965,-0.7890978292859866,-0.36839671058822604,0.07138549079627354,0.20793842091192677
0.4196078431372549,-0.36087154946673217,-0.07706530611158924,-0.7880001423681169,-0.3551488894890318,0.06625704343465255,0.2010182772658533
0.4235294117647059,-0.35991652756606196,-0.07475161046080211,-0.7844396845411004,-0.34615180785366806,0.06460662940897649,0.1966485869320638
0.42745098039215684,-0.35865794450750765,-0.06602193216937144,-0.7800942265855704,-0.33209458694019456,0.06277833757055512,0.2000507226014517
0.43137254901960786,-0.3584271831641027,-0.05697556866922869,-0.7763370544127272,-0.31796090722406145,0.05948268808452173,0.20400976988560404
0.43529411764705883,-0.35632736051872704,-0.04778409348946324,-0.7710668398772098,-0.303399366976246,0.05841211883975578,0.2078311799973195
0.4392156862745098,-0.35331396297939394,-0.03920376707540228,-0.7655086191026386,-0.2901907578778502,0.05888069314385075,0.2117832237270456
0.44313725490196076,-0.34924110452673984,-0.03192486752277625,-0.7599946596146827,-0.27895003424681186,0.06151245056120308,0.2151002992012594
0.44705882352941173,-0.34526232172744475,-0.02518839708287023,-0.7548759760256707,-0.26894488731709265,0.06435133257078118,0.21856809315135217
0.45098039215686275,-0.3414759899064251,-0.01850866562686057,-0.7502164312136954,-0.2601783291128712,0.06726445140084525,0.22316099785915003
0.4549019607843137,-0.33789804758990066,-0.014596508971042203,-0.746294969496464,-0.25566613721006093,0.07049887431666263,0.22647311926797653
0.4588235294117647,-0.33320212904272506,-0.01228624613627157,-0.7419249467321389,-0.25384133471192555,0.07552068864668876,0.22926884243938242
0.4627450980392157,-0.3282958081469967,-0.008985956766661085,-0.7378754876788203,-0.25137598665695626,0.0812838713848269,0.23340407312363406
0.4666666666666667,-0.32359415689467086,-0.006929965905028979,-0.7351030647560401,-0.2507822962010824,0.08791475096669837,0.23692236439102443
0.47058823529411764,-0.32150536973726435,-0.0004941139545548859,-0.7358731337143313,-0.24502574646773856,0.09286239423980258,0.24403751855862876
0.4745098039215686,-0.31729206419054995,0.00670548541604722,-0.7349908518667684,-0.23898591890429927,0.10040672348566848,0.2523968897363937
0.4784313725490196,-0.30886618951038736,0.01160422754542256,-0.732044801865161,-0.2359885512091658,0.11431242284438625,0.2591970063000109
0.4823529411764706,-0.2990848293732687,0.015399909128120531,-0.7282665186589217,-0.23479382761253656,0.1300968599123843,0.26559364586877765
0.48627450980392156,-0.2889521129792107,0.020506988019823504,-0.7245577928820026,-0.23318639572764457,0.14665356692358117,0.27420037176729156
0.49019607843137253,-0.27802834450586955,0.02487518169394867,-0.7209266157121244,-0.23341702809966594,0.1648699267003852,0.28316739148756326
0.49411764705882355,-0.26611219121629526,0.026240256443406405,-0.7170051763971039,-0.23742006145621256,0.1847807939645134,0.28990057434302535
0.4980392156862745,-0.25117074308046045,0.024745131478390213,-0.71217996685645,-0.2457818058851229,0.20983848069552913,0.2952720688419033
0.5019607843137255,-0.2364946179551624,0.02413032824157029,-0.7059833680148906,-0.25234207765867545,0.23299413210456577,0.30060273414181604
0.5058823529411764,-0.22254712798302392,0.02489290375070859,-0.6991585567684607,-0.25668542738392225,0.25406430080241293,0.3064712348853394
0.5098039215686274,-0.21019174748654137,0.025710075056440195,-0.6922250191685992,-0.26005502130844804,0.27184152419551644,0.3114751714213284
0.5137254901960784,-0.19633311799857278,0.02491707774028601,-0.6833292478925541,-0.26533807904011497,0.29066301189540855,0.315172234520687
0.5176470588235293,-0.18362086386976798,0.023976995836042125,-0.6740599768993861,-0.27178705131071107,0.3068182491598501,0.3197410429827953
0.5215686274509804,-0.17402158608675758,0.023333989426791223,-0.6664211950074258,-0.27841988507174237,0.3183780228339107,0.3250878639253248
0.5254901960784314,-0.16663210345195714,0.023858061241356043,-0.6607260110233584,-0.2833940759300787,0.32746180411944414,0.33111019841279077
0.5294117647058824,-0.15839882195516103,0.023902208070801335,-0.6544264174195508,-0.2891197854259097,0.3376287735092287,0.3369242015675124
0.5333333333333333,-0.15427636851010446,0.026894957553620636,-0.6505052129396173,-0.2925691353710967,0.34195247591940836,0.346359050478338
0.5372549019607843,-0.15260184005794186,0.030729771925641247,-0.6487582103860512,-0.29481446060594635,0.34355453027016747,0.35627400445722884
0.5411764705882353,-0.15286512646864958,0.03296267324036952,-0.6465148648213007,-0.2989957822007994,0.34078461188400155,0.3649211286815384
0.5450980392156862,-0.15528436634547468,0.03735742079901388,-0.6462045271574635,-0.30045160979992835,0.33563579446651415,0.3751664513979561
0.5490196078431373,-0.16026251945781908,0.042125459749089635,-0.647763083687985,-0.30113106850892685,0.32723804477234686,0.38538198800710616
0.5529411764705883,-0.16762206487495981,0.04556414964583832,-0.6504377244075407,-0.30252105611201957,0.3151935946576211,0.3936493554036962
0.5568627450980392,-0.17662817956646695,0.04897786664300506,-0.6541216734189422,-0.303830487147209,0.3008653142860084,0.40178622043321915
0.5607843137254902,-0.18710287790543237,0.0508026107560553,-0.6583197277131071,-0.306008067634995,0.2841139719022423,0.4076132891471056
0.5647058823529412,-0.19864139627721208,0.052687158520867534,-0.6632234162952791,-0.3064669098246863,0.26594062374085503,0.41184122686642133
0.5686274509803921,-0.2098843019583771,0.05365292486157715,-0.667886285759582,-0.307815563841334,0.24811768184282784,0.4151214135644883
0.5725490196078431,-0.22092216943285056,0.05477275864545027,-0.6731068445290228,-0.3094826934443706,0.23126250566332165,0.4190282107352712
0.5764705882352941,-0.2326867485019633,0.05678629620122976,-0.6790013666502294,-0.30950526380410115,0.21362786964630276,0.4230778562065607
0.580392156862745,-0.24342270425592938,0.05765871225734903,-0.6836486419049774,-0.31032305812636934,0.19680323339311862,0.4256404826410674
0.5843137254901961,-0.25209576640914316,0.05861042647617119,-0.6875215036737106,-0.31124564243594305,0.18332997085542424,0.42846649538828546
0.5882352941176471,-0.26068244407710456,0.05925789413183761,-0.6915397081303577,-0.3124846167030872,0.17017481997614858,0.43100040496676245
0.592156862745098,-0.27054349152285545,0.05711355059141548,-0.6955921998317143,-0.31614916310011687,0.15450521678600332,0.43037626428294784
0.596078431372549,-0.279136762732343,0.05360053327538209,-0.7004566895089681,-0.32290591673859664,0.14218316404428205,0.43010698328936087
0.6,-0.28822979897044476,0.051467417938396536,-0.7071334462054628,-0.3298999397912023,0.1306738482645733,0.4328347756679954
0.6039215686274509,-0.2984435595216977,0.04696446410297831,-0.7140221781789245,-0.34080459882757497,0.11713505913552913,0.43473352703353163
0.6078431372549019,-0.31098837145594216,0.048289052581102866,-0.7223652868931539,-0.34560308313295707,0.10038854398126962,0.44218118829516284
0.611764705882353,-0.3234799334857477,0.04981636144336153,-0.7299286927176777,-0.3499019188050935,0.08296882574618225,0.4495346416918166
0.615686274509804,-0.3355150828547525,0.045366445004451264,-0.7368197676463097,-0.3617426201290496,0.06578960193680478,0.4524755101379521
0.6196078431372549,-0.3476762944081871,0.03943487480811111,-0.7443655134175097,-0.37575779354073513,0.04901292460113549,0.4546275431569573
0.6235294117647059,-0.35788473858706676,0.029706361539252612,-0.7518360287675276,-0.39467792901334087,0.03606655159339417,0.45409065209184607
0.6274509803921569,-0.37125161872115536,0.023137247499811397,-0.7616060149595911,-0.4101482662652223,0.019102777517280345,0.4564227612648451
0.6313725490196078,-0.3875922902691305,0.01881474940598047,-0.7743752916342062,-0.4212102117429199,-0.0008092889040549056,0.4588397105548809
0.6352941176470588,-0.4028428504531943,0.011983689278809563,-0.7873219098446534,-0.4364650581928469,-0.018363791061735135,0.460432436750466
0.6392156862745098,-0.4192316716918163,0.006797769638559147,-0.8014397850717325,-0.4498860125657587,-0.03702355831190002,0.46348155184287704
0.6431372549019607,-0.43406862985043093,-0.00043508227935660463,-0.8134444812708583,-0.46724817976423644,-0.054692778430003586,0.4663780152055232
0.6470588235294118,-0.4521393165815667,0.001165562911123051,-0.8268729287629826,-0.47642461251627927,-0.07740570440015082,0.4787557383385254
0.6509803921568628,-0.4715904765893394,0.005188564909752772,-0.8414410851413032,-0.48326175728361825,-0.10173986803737561,0.4936388871031238
0.6549019607843137,-0.49238987917918686,0.011129093721065051,-0.8576347299134832,-0.4857004812579551,-0.1271450284448905,0.5079586687000852
0.6588235294117647,-0.5126487025710674,0.019024583634683095,-0.8740359771423302,-0.4829018222733641,-0.1512614279998047,0.5209509895427302
0.6627450980392157,-0.5336500040260127,0.027297002569249298,-0.891527516478559,-0.479879913439637,-0.17577249157346642,0.5344739185781355
0.6666666666666666,-0.555304933038373,0.03582168645789804,-0.9104209911548331,-0.4769636264448351,-0.200188874921913,0.5486069993606312
0.6705882352941176,-0.575202337437892,0.04929750051275128,-0.9270699914504766,-0.46720232096490755,-0.22333468342530727,0.5657973219904101
0.6745098039215687,-0.5967996669849139,0.06698921673825531,-0.9457518666507021,-0.4497955933109439,-0.24784746731912577,0.5837740267874545
0.6784313725490196,-0.6146040214960096,0.08130431947057067,-0.9628754617018035,-0.43716854929315757,-0.26633258129021564,0.5997771882342989
0.6823529411764706,-0.6294425219319398,0.09470930626908557,-0.9779261976590199,-0.4254691463785799,-0.28095884620485984,0.6148877589167511
0.6862745098039216,-0.6390898358888623,0.10453038070089697,-0.9886656032782801,-0.4170599347646257,-0.2895140684994444,0.6261206961664196
0.6901960784313725,-0.6465765218669309,0.11038429890940295,-0.9976206514314512,-0.4140940614615387,-0.29553239230241074,0.6348626592803446
0.6941176470588235,-0.6526071667531012,0.11450094941009317,-1.0057239275219103,-0.41365012351283303,-0.299490405984292,0.6426520223330193
0.6980392156862745,-0.6587831900103905,0.11826715370821081,-1.0146491562736561,-0.41502501962988403,-0.30291722374712504,0.6515593270463057
0.7019607843137254,-0.6639212451675319,0.11998712968817092,-1.0234453133983266,-0.42017009251061366,-0.3043971769367374,0.6601443518869555
0.7058823529411764,-0.6671637317147222,0.1196247786949367,-1.0313070236282045,-0.42793854557781674,-0.3030204398012399,0.6671881029676902
0.7098039215686275,-0.671339484705762,0.12209713011996179,-1.0396884401891602,-0.42681416177197573,-0.3029905292223637,0.6710084220118994
0.7137254901960784,-0.6747943953793277,0.1239238254611902,-1.0468942990482666,-0.42558516016731796,-0.302694491710389,0.6734328110896983
0.7176470588235294,-0.6787124767598872,0.12573127873475437,-1.0537974063328588,-0.42219113936013913,-0.3036275471869157,0.6736536968296478
0.7215686274509804,-0.6828555195223395,0.1272088423213234,-1.0607534783719121,-0.4172279254580054,-0.3049575606727668,0.6716456101006523
0.7254901960784313,-0.6879601985055911,0.12746505425086946,-1.068427587286756,-0.41269907679719403,-0.30749280972442633,0.6676291852989329
0.7294117647058823,-0.6927295945530669,0.12907456045575885,-1.0761901836623906,-0.4039565289295278,-0.30926900544374336,0.6621056498410455
0.7333333333333333,-0.6957894702041287,0.12965746750646567,-1.082776669528977,-0.39700460683723116,-0.30880227087928047,0.6563195418501625
0.7372549019607844,-0.6976706704048763,0.12876994149505844,-1.0886933471289568,-0.3927313002756873,-0.30664799368079565,0.6502711832658041
0.7411764705882353,-0.6988111641695166,0.12450726344453611,-1.0933393339231074,-0.39361452884965076,-0.30428299441592577,0.642629055738723
0.7450980392156863,-0.7005130493735969,0.1202336036148859,-1.0983283330382307,-0.39421927765157305,-0.3026977657089631,0.6346864848813448
0.7490196078431373,-0.701671327147524,0.11573852915939344,-1.1028431032903545,-0.3957606394068124,-0.3004995510046936,0.6272376977255992
0.7529411764705882,-0.70224913823511,0.10950136090165692,-1.1081869822176174,-0.39842932157447547,-0.29631129425260266,0.6174320433777893
0.7568627450980392,-0.7019940554315226,0.10209178361866811,-1.11356097286389,-0.4013552608994697,-0.2904271379991551,0.6055388281368059
0.7607843137254902,-0.7024905299105593,0.09787463069820312,-1.1193964139111081,-0.39792303477590596,-0.2855846459100105,0.5936722961723122
0.7647058823529411,-0.7028049314898764,0.09398129514182366,-1.1244077064587263,-0.3922832588330285,-0.2812021565210265,0.5802458491166759
0.7686274509803921,-0.7038029896013783,0.09057317246324878,-1.1305101046955144,-0.3850078900650369,-0.27709587450724227,0.5661542349915345
0.7725490196078432,-0.7083454600012715,0.09477050563494796,-1.138436762313636,-0.3652446196776312,-0.27825415768890704,0.5547856309475272
0.7764705882352941,-0.7136917250808571,0.10420163651098191,-1.1454761498458539,-0.339652256231428,-0.2819073003158602,0.5480555292533917
0.7803921568627451,-0.7217868202203969,0.12153798219016955,-1.152885225789848,-0.3052569030674861,-0.29068841465094564,0.5483328674478252
0.7843137254901961,-0.728147420355091,0.13585171369143353,-1.1584930900369965,-0.27663065931780983,-0.29780175067318543,0.548334086700677
0.788235294117647,-0.7347311688474998,0.15131753634374692,-1.1643222945770986,-0.24934141952304648,-0.3051400431179011,0.5519764922105403
0.792156862745098,-0.7410844223237897,0.1659132858370574,-1.1695828769280951,-0.22534544183650135,-0.3125859677194843,0.5571720135106162
0.796078431372549,-0.7462187736456735,0.17788371752507479,-1.174097619303288,-0.20630619618755733,-0.3183399279880591,0.5620736312377069
0.8,-0.7506099064029269,0.1877150994983698,-1.177393117696694,-0.19003633428010985,-0.32382669510915985,0.5654665332768494
0.803921568627451,-0.7563122890841213,0.19781712578568328,-1.1815405058571837,-0.17278189606090827,-0.33108407231105896,0.5684161476322749
0.807843137254902,-0.7620472162927682,0.20778495188415733,-1.1858617946465801,-0.1562535844509216,-0.33823263793895614,0.5718234882192362
0.8117647058823529,-0.767654157395773,0.21906077578951094,-1.1903697588909872,-0.13988441338036695,-0.34493855590055883,0.5780059649593888
0.8156862745098039,-0.7724638084540746,0.22658361720150513,-1.1933548354890493,-0.12449988828442901,-0.35157278141909976,0.5776671226874392
0.8196078431372549,-0.7767394109624769,0.2322930186438849,-1.1956648857544043,-0.10979160080874029,-0.3578139361705496,0.5743776380965101
0.8235294117647058,-0.7804201299926189,0.23745385069666503,-1.1976771075705375,-0.0958637989743718,-0.36316315241470026,0.5707715003677019
0.8274509803921568,-0.7840494398498669,0.24200897135039456,-1.200775417459962,-0.08258353417674841,-0.36732346223977164,0.5666014768775376
0.8313725490196078,-0.7886071787354156,0.24600420756271732,-1.206140904156322,-0.07085744492012022,-0.3710734533145092,0.5628658600455548
0.8352941176470589,-0.7933282305882211,0.24967906325239547,-1.2118339461109882,-0.05965804905144201,-0.37482251506545416,0.559016175556233
0.8392156862745098,-0.7978024551378642,0.2528318671671482,-1.21819477982294,-0.048726102347360634,-0.3774101304527883,0.5543898366816571
0.8431372549019608,-0.8016034962493166,0.2534451467780462,-1.2244399551234662,-0.042028112934286765,-0.378767037375167,0.5489184064903792
0.8470588235294118,-0.8037681288498424,0.25129306294509535,-1.2293194194963573,-0.03860147829066918,-0.3782168382033275,0.5411876041808599
0.8509803921568627,-0.8053020662943907,0.24705857696413433,-1.233653551301386,-0.037057835377347664,-0.3769505812873955,0.5311749893056164
0.8549019607843137,-0.8069596933320099,0.2419922350126702,-1.2377921764058004,-0.03740159838801066,-0.3761272102582195,0.5213860684133511
0.8588235294117647,-0.8063811002466085,0.2348287748102771,-1.2395480070531937,-0.041808559168317855,-0.3732141934400234,0.5114661087888721
0.8627450980392157,-0.8051586340201674,0.2273442655837644,-1.2408451054268672,-0.046754521190828985,-0.36947216261346755,0.5014430523583577
0.8666666666666667,-0.8033763301690823,0.21964819491045937,-1.2415920860926064,-0.05180210421012696,-0.36516057424555814,0.49109849403104566
0.8705882352941177,-0.8009052375752864,0.21030982078712107,-1.2412864728973643,-0.05816340237465384,-0.3605240022532085,0.478783043948896
0.8745098039215686,-0.7987123577057842,0.20115428658523263,-1.2410280436551302,-0.06431348827514391,-0.3563966717564381,0.46662206144560914
0.8784313725490196,-0.7945066137645161,0.19008655613746925,-1.239535878778737,-0.07231692861063763,-0.3494773487502953,0.4524900408855761
0.8823529411764706,-0.7897145327775028,0.17867684501772368,-1.2375657132081996,-0.07994861972959072,-0.34186335234680604,0.4373023097650381
0.8862745098039215,-0.7857425134015853,0.16811323317531543,-1.2364758678248988,-0.0866229384628345,-0.3350091589782718,0.42284940481346533
0.8901960784313725,-0.7829267259251369,0.15982436314338974,-1.2357568548615867,-0.09243795408914099,-0.330096596988687,0.41208668037592044
0.8941176470588235,-0.7803836356953354,0.15162961550288198,-1.2345901812992917,-0.09840128833513909,-0.3261770900913792,0.4016605193409031
0.8980392156862745,-0.7802634494974159,0.1417734678621892,-1.2343502874335484,-0.1062913084154038,-0.32617661156128347,0.3898382441397822
0.9019607843137255,-0.7813510586282165,0.13532680732730074,-1.2344688386345615,-0.11089254441557136,-0.3282332786218715,0.38154615907017286
0.9058823529411765,-0.7832590983817688,0.129899914424416,-1.2349380876465315,-0.1153041768799774,-0.33158010911700614,0.3751040057288094
0.9098039215686274,-0.784670003109906,0.12214635868225175,-1.2351482409866188,-0.12240977419117162,-0.33419176523319305,0.36670249155567514
0.9137254901960784,-0.7871467289761916,0.11446407722477803,-1.2364739162868577,-0.12995452719983902,-0.33781954166552564,0.3588826816493951
0.9176470588235294,-0.7925955028976537,0.10956647147415086,-1.2411278128855439,-0.13561310114880268,-0.3440631929097634,0.3547460440971044
0.9215686274509803,-0.7976075851415828,0.1037927648648311,-1.2458587844336146,-0.14224928974961737,-0.34935638584955103,0.3498348194792796
0.9254901960784314,-0.802546506628505,0.10025211899025274,-1.2503098968448176,-0.1483781088046359,-0.3547831164121923,0.3488823467851414
0.9294117647058824,-0.8090796714775471,0.09976245745017383,-1.2538426153754667,-0.153467909212622,-0.3643167275796276,0.3529928241129696
0.9333333333333333,-0.8157810442062884,0.09922104114046111,-1.2579193822145909,-0.158756779798839,-0.3736427061979859,0.3571988620797612
0.9372549019607843,-0.8215924861534717,0.09734006955926082,-1.261012170206703,-0.16678128648033513,-0.3821728021002405,0.3614614255988568
0.9411764705882353,-0.8261330479078582,0.09147702858189863,-1.2635929878990544,-0.17755870033137225,-0.38867310791666215,0.36051275749516953
0.9450980392156862,-0.8294125172898228,0.0844595035134752,-1.264777220006285,-0.1897986960344138,-0.39404781457336063,0.3587177030613642
0.9490196078431372,-0.8329044170303849,0.0800805109492312,-1.2668932823033257,-0.19735785276673357,-0.39891555175744414,0.35751887466519594
0.9529411764705882,-0.8366023805872171,0.07827122904211938,-1.2697240325274222,-0.20017824948240698,-0.4034807286470122,0.3567207075666457
0.9568627450980391,-0.8377344580454249,0.0780197191944733,-1.269049517422205,-0.2013975828757677,-0.40641939866864496,0.3574370212647143
0.9607843137254902,-0.837521531434205,0.07727997884880591,-1.2672562517129369,-0.20301437113671897,-0.4077868111554732,0.3575743288343308
0.9647058823529412,-0.8357621407875042,0.0768083915918258,-1.2641089717316687,-0.2009377534202642,-0.40741530984333985,0.3545545366039158
0.9686274509803922,-0.8336841655202857,0.07735470543587394,-1.26094831284349,-0.197716966793042,-0.40642001819708146,0.3524263776647899
0.9725490196078431,-0.8299534574499494,0.07686683383029959,-1.255785256126436,-0.19540197719139973,-0.40412165877346296,0.3491356448519989
0.9764705882352941,-0.8265652913345483,0.07703506350024736,-1.2520642890621259,-0.191075802187893,-0.4010662936069706,0.3451459291883877
0.9803921568627451,-0.8227638181602001,0.07707390163551762,-1.2485918878383269,-0.18636779650750718,-0.39693574848207325,0.34051559977854245
0.984313725490196,-0.8187219232480167,0.07652790912449094,-1.2449860825539696,-0.18268784292253448,-0.3924577639420639,0.3357436611715163
0.9882352941176471,-0.8140158766017428,0.07215569185213276,-1.240691234396043,-0.18251479233572115,-0.3873405188074425,0.3268261760399867
0.9921568627450981,-0.8070860996044544,0.06341162931413157,-1.2344727920783258,-0.18697791336700115,-0.37969940713058314,0.3138011719952643
0.996078431372549,-0.8002110503467283,0.05379926742029364,-1.2285028295293443,-0.19298125379271477,-0.37191927116411244,0.30057978863330204
1.0,-0.793198425033825,0.044206281499539944,-1.222501957712779,-0.19985394977370965,-0.3638948923548711,0.28826651277278953
